Player,Tm,MP,PTS,AST,TRB,STL,BLK,TOV,FG%,3P%,FT%,GmSc,Games,PTS_per_min,AST_per_min,TRB_per_min
A.J. Green,MIL,21.998,7.659,1.273,2.25,0.545,0.114,0.614,0.426,0.395,0.14,5.405,44,0.348,0.058,0.102
Aaron Gordon,DEN,26.666,12.333,3.067,4.733,0.467,0.267,1.333,0.511,0.401,0.631,10.697,30,0.463,0.115,0.178
Aaron Holiday,HOU,11.372,4.222,1.194,0.944,0.361,0.111,0.472,0.346,0.276,0.222,3.097,36,0.371,0.105,0.083
Aaron Nesmith,IND,20.949,8.2,1.267,3.333,0.6,0.267,0.733,0.478,0.393,0.564,6.427,15,0.391,0.06,0.159
Aaron Wiggins,OKC,21.323,10.137,1.569,3.569,0.725,0.235,0.824,0.475,0.34,0.267,8.173,51,0.475,0.074,0.167
Adam Flagler,OKC,4.278,1.263,0.0,0.421,0.263,0.053,0.053,0.222,0.205,0.0,0.011,19,0.295,0.0,0.098
Adem Bona,PHI,10.94,3.0,0.306,2.833,0.194,0.75,0.667,0.532,0.0,0.328,2.931,36,0.274,0.028,0.259
Ajay Mitchell,OKC,16.483,6.429,1.686,1.971,0.686,0.086,0.8,0.446,0.336,0.426,5.14,35,0.39,0.102,0.12
Al Horford,BOS,26.203,7.85,1.925,5.25,0.6,0.85,0.725,0.393,0.323,0.2,7.297,40,0.3,0.073,0.2
Alec Burks,MIA,16.147,5.731,1.077,2.077,0.577,0.192,0.346,0.38,0.341,0.309,4.935,26,0.355,0.067,0.129
Alex Caruso,OKC,19.188,5.548,2.419,2.774,1.806,0.484,0.645,0.354,0.263,0.177,6.032,31,0.289,0.126,0.145
Alex Ducas,OKC,4.695,1.538,0.077,1.0,0.077,0.0,0.154,0.244,0.231,0.0,1.008,13,0.328,0.016,0.213
Alex Len,SAC,7.156,1.444,0.833,1.778,0.222,0.5,0.306,0.35,0.028,0.093,2.097,36,0.202,0.116,0.248
Alex Sarr,WAS,26.774,11.463,2.195,6.634,0.659,1.561,1.39,0.392,0.29,0.399,8.922,41,0.428,0.082,0.248
Alperen Sengun,HOU,31.383,18.771,5.0,10.457,1.229,0.914,2.457,0.48,0.186,0.663,16.889,35,0.598,0.159,0.333
Alperen Şengün,HOU,31.476,20.231,5.154,10.923,1.385,0.385,2.231,0.494,0.269,0.709,17.785,13,0.643,0.164,0.347
Amen Thompson,HOU,31.439,13.792,3.188,8.0,1.438,1.208,2.0,0.541,0.13,0.685,13.723,48,0.439,0.101,0.254
Amir Coffey,LAC,25.963,10.2,1.12,2.42,0.58,0.14,0.76,0.461,0.382,0.601,7.314,50,0.393,0.043,0.093
Andre Drummond,PHI,18.818,6.897,0.621,7.517,1.103,0.379,1.621,0.502,0.034,0.474,6.248,29,0.366,0.033,0.399
Andre Jackson,MIL,18.695,3.567,1.5,3.167,0.633,0.233,1.233,0.35,0.262,0.106,2.48,30,0.191,0.08,0.169
Andre Jackson Jr.,MIL,15.836,4.368,1.421,3.421,0.526,0.316,0.737,0.559,0.263,0.079,4.858,19,0.276,0.09,0.216
Andrew Nembhard,IND,28.517,10.853,5.088,3.441,1.265,0.118,1.765,0.503,0.306,0.51,9.726,34,0.381,0.178,0.121
Andrew Wiggins,GSW,30.146,17.558,2.349,4.581,0.93,0.767,1.302,0.433,0.363,0.685,13.188,43,0.582,0.078,0.152
Anfernee Simons,POR,32.276,18.438,4.979,2.75,0.833,0.104,2.083,0.413,0.344,0.641,12.783,48,0.571,0.154,0.085
Anthony Black,ORL,24.705,8.918,3.408,2.571,1.02,0.51,1.898,0.394,0.204,0.562,6.447,49,0.361,0.138,0.104
Anthony Davis,LAL,34.274,25.738,3.357,11.857,1.286,2.143,2.214,0.517,0.233,0.723,23.105,42,0.751,0.098,0.346
Anthony Edwards,MIN,36.729,27.216,4.529,5.784,1.137,0.686,3.451,0.444,0.41,0.799,18.784,51,0.741,0.123,0.157
Anthony Gill,WAS,5.787,1.833,0.194,0.806,0.167,0.056,0.167,0.292,0.139,0.167,1.383,36,0.317,0.034,0.139
Antonio Reeves,NOP,9.293,4.3,0.65,0.9,0.3,0.0,0.25,0.38,0.233,0.225,2.895,20,0.463,0.07,0.097
Ariel Hukporti,NYK,7.852,1.789,0.421,1.842,0.0,0.632,0.579,0.295,0.0,0.158,1.7,19,0.228,0.054,0.235
Ausar Thompson,DET,20.602,8.567,1.867,4.967,1.567,0.433,1.333,0.521,0.117,0.402,7.767,30,0.416,0.091,0.241
Austin Reaves,LAL,34.662,18.545,6.091,4.273,1.136,0.182,2.455,0.45,0.368,0.728,15.025,44,0.535,0.176,0.123
Ayo Dosunmu,CHI,30.672,12.415,4.659,3.561,0.854,0.439,1.317,0.495,0.346,0.429,10.812,41,0.405,0.152,0.116
Bam Adebayo,MIA,33.968,16.408,4.51,9.959,1.265,0.796,2.265,0.464,0.251,0.617,14.869,49,0.483,0.133,0.293
Ben Sheppard,IND,20.366,5.778,1.278,2.556,0.611,0.278,0.333,0.399,0.319,0.119,4.581,36,0.284,0.063,0.125
Ben Simmons,BRK,24.99,6.182,6.939,5.212,0.788,0.485,2.667,0.513,0.0,0.179,7.87,33,0.247,0.278,0.209
Bennedict Mathurin,IND,31.618,16.354,1.854,5.75,0.604,0.375,1.938,0.48,0.38,0.689,11.271,48,0.517,0.059,0.182
Bilal Coulibaly,WAS,33.307,12.553,3.511,5.064,1.362,0.745,2.128,0.401,0.255,0.68,9.979,47,0.377,0.105,0.152
Blake Wesley,SAS,9.27,3.129,1.935,0.742,0.452,0.097,0.903,0.373,0.059,0.274,2.755,31,0.338,0.209,0.08
Bobby Portis,MIL,24.996,13.705,2.159,8.318,0.682,0.568,1.273,0.462,0.332,0.469,11.18,44,0.548,0.086,0.333
Bogdan Bogdanović,ATL,24.912,10.0,2.042,2.75,0.833,0.25,1.542,0.364,0.31,0.478,5.754,24,0.401,0.082,0.11
Bol Bol,PHO,7.202,3.733,0.333,1.6,0.067,0.333,0.467,0.486,0.115,0.233,2.947,15,0.518,0.046,0.222
Bones Hyland,LAC,11.095,7.2,1.4,1.2,0.9,0.2,1.2,0.366,0.323,0.496,4.775,20,0.649,0.126,0.108
Bradley Beal,PHO,32.364,17.351,3.432,3.378,1.108,0.622,1.973,0.49,0.405,0.544,12.692,37,0.536,0.106,0.104
Branden Carlson,OKC,5.878,2.824,0.353,1.588,0.118,0.353,0.118,0.441,0.318,0.059,2.571,17,0.48,0.06,0.27
Brandin Podziemski,GSW,24.694,9.368,3.368,4.605,0.974,0.184,1.079,0.384,0.33,0.347,8.487,38,0.379,0.136,0.186
Brandon Boston,NOP,25.803,11.793,2.828,3.414,1.483,0.241,1.448,0.427,0.325,0.518,9.169,29,0.457,0.11,0.132
Brandon Boston Jr.,NOP,19.123,7.917,0.833,2.75,0.667,0.083,0.667,0.38,0.299,0.521,5.183,12,0.414,0.044,0.144
Brandon Clarke,MEM,18.821,7.915,0.957,4.979,0.872,0.553,0.596,0.593,0.005,0.314,7.755,47,0.421,0.051,0.265
Brandon Ingram,NOP,33.056,22.222,5.167,5.556,0.889,0.611,3.833,0.454,0.379,0.729,14.683,18,0.672,0.156,0.168
Brandon Miller,CHO,34.207,21.037,3.63,4.852,1.074,0.741,2.815,0.407,0.359,0.716,13.126,27,0.615,0.106,0.142
Brandon Williams,DAL,7.066,2.765,1.118,0.765,0.176,0.0,0.588,0.315,0.127,0.23,1.906,17,0.391,0.158,0.108
Brice Sensabaugh,UTA,17.784,9.275,1.25,2.6,0.575,0.075,1.35,0.412,0.29,0.4,6.002,40,0.522,0.07,0.146
Bronny James,LAL,4.012,0.875,0.438,0.438,0.25,0.125,0.312,0.167,0.062,0.125,0.213,16,0.218,0.109,0.109
Brook Lopez,MIL,32.249,12.22,1.7,4.72,0.74,1.9,1.02,0.464,0.339,0.458,10.356,50,0.379,0.053,0.146
Bruce Brown,TOR,19.593,8.389,1.556,3.778,0.944,0.167,1.056,0.364,0.217,0.597,6.522,18,0.428,0.079,0.193
Bruno Fernando,TOR,8.623,3.412,1.059,3.0,0.235,0.529,0.824,0.491,0.0,0.176,3.241,17,0.396,0.123,0.348
Buddy Hield,GSW,23.446,11.706,1.686,3.275,0.843,0.294,1.235,0.395,0.339,0.317,7.694,51,0.499,0.072,0.14
CJ McCollum,NOP,33.357,22.0,3.816,3.605,0.789,0.526,1.737,0.431,0.339,0.617,14.561,38,0.66,0.114,0.108
Cade Cunningham,DET,35.678,25.596,9.447,6.298,0.979,0.745,4.426,0.459,0.341,0.759,19.185,47,0.717,0.265,0.177
Caleb Houstan,ORL,11.796,2.806,0.417,1.0,0.194,0.083,0.139,0.209,0.192,0.125,1.617,36,0.238,0.035,0.085
Caleb Martin,PHI,30.422,9.065,2.226,4.387,1.097,0.645,1.387,0.394,0.298,0.37,7.545,31,0.298,0.073,0.144
Cam Reddish,LAL,18.075,3.323,0.742,2.0,1.0,0.323,0.387,0.371,0.234,0.213,3.326,31,0.184,0.041,0.111
Cam Spencer,MEM,12.078,4.0,1.6,1.7,0.3,0.1,0.5,0.37,0.217,0.3,3.68,10,0.331,0.132,0.141
Cam Thomas,BRK,32.324,24.684,3.421,3.579,0.737,0.053,2.684,0.444,0.368,0.882,16.121,19,0.764,0.106,0.111
Cam Whitmore,HOU,17.292,9.938,0.812,3.219,0.656,0.281,1.062,0.44,0.291,0.402,6.419,32,0.575,0.047,0.186
Cameron Johnson,BRK,32.039,19.297,2.892,4.081,0.757,0.486,1.676,0.486,0.433,0.728,14.814,37,0.602,0.09,0.127
Cameron Payne,NYK,14.262,7.156,2.533,1.422,0.6,0.244,0.644,0.366,0.314,0.323,5.729,45,0.502,0.178,0.1
Caris LeVert,CLE,23.793,10.211,3.684,2.816,0.868,0.5,1.342,0.429,0.374,0.459,8.905,38,0.429,0.155,0.118
Carlton Carrington,WAS,29.08,8.608,3.882,3.882,0.706,0.176,1.49,0.381,0.315,0.316,6.625,51,0.296,0.134,0.134
Cason Wallace,OKC,27.268,7.234,2.362,3.404,1.766,0.574,0.745,0.449,0.323,0.176,7.353,47,0.265,0.087,0.125
Charles Bassey,SAS,10.806,4.594,0.438,4.562,0.375,0.906,0.688,0.48,0.0,0.257,4.959,32,0.425,0.04,0.422
Chet Holmgren,OKC,26.069,15.273,1.909,8.364,0.909,2.727,2.182,0.447,0.335,0.657,13.9,11,0.586,0.073,0.321
Chris Boucher,TOR,17.343,10.523,0.568,4.273,0.523,0.545,0.614,0.484,0.328,0.427,8.518,44,0.607,0.033,0.246
Chris Duarte,CHI,4.38,2.118,0.529,1.176,0.0,0.0,0.059,0.386,0.294,0.098,1.9,17,0.483,0.121,0.269
Chris Livingston,MIL,4.509,1.077,0.077,1.538,0.308,0.0,0.385,0.108,0.0,0.115,0.969,13,0.239,0.017,0.341
Chris Paul,SAS,29.064,9.347,8.163,4.082,1.306,0.204,1.531,0.417,0.374,0.595,11.641,49,0.322,0.281,0.14
Christian Braun,DEN,32.636,14.608,2.059,4.961,1.137,0.529,1.0,0.573,0.331,0.618,12.804,51,0.448,0.063,0.152
Christian Koloko,LAL,8.475,2.107,0.429,2.143,0.25,0.286,0.25,0.443,0.0,0.089,2.5,28,0.249,0.051,0.253
Clint Capela,ATL,22.436,9.422,1.222,9.0,0.6,0.978,0.978,0.586,0.0,0.392,9.991,45,0.42,0.054,0.401
Coby White,CHI,32.585,18.533,4.644,3.289,0.933,0.178,2.444,0.435,0.371,0.79,12.924,45,0.569,0.143,0.101
Cody Martin,CHO,24.799,7.846,2.282,4.513,1.103,0.667,1.077,0.406,0.309,0.321,7.187,39,0.316,0.092,0.182
Cody Williams,UTA,20.96,3.885,1.346,2.192,0.5,0.385,0.846,0.249,0.202,0.253,2.054,26,0.185,0.064,0.105
Colby Jones,SAC,5.408,1.083,0.292,0.958,0.25,0.292,0.292,0.292,0.146,0.0,1.079,24,0.2,0.054,0.177
Cole Anthony,ORL,17.219,9.083,2.771,2.875,0.625,0.333,1.583,0.406,0.289,0.398,6.129,48,0.528,0.161,0.167
Colin Castleton,MEM,4.603,1.4,0.0,0.9,0.1,0.1,0.1,0.058,0.0,0.35,0.96,10,0.304,0.0,0.196
Collin Sexton,UTA,28.543,18.348,4.109,2.891,0.674,0.087,2.522,0.476,0.375,0.759,12.757,46,0.643,0.144,0.101
Corey Kispert,WAS,26.68,11.478,1.587,2.978,0.565,0.217,1.043,0.432,0.323,0.395,7.857,46,0.43,0.059,0.112
Cory Joseph,ORL,7.495,1.933,0.8,0.767,0.367,0.1,0.367,0.297,0.234,0.033,1.487,30,0.258,0.107,0.102
Craig Porter,CLE,9.116,2.556,1.333,0.889,0.278,0.333,0.5,0.392,0.139,0.083,2.689,18,0.28,0.146,0.098
Craig Porter Jr.,CLE,8.348,3.538,0.923,1.0,0.308,0.308,0.538,0.482,0.25,0.192,3.508,13,0.424,0.111,0.12
D'Angelo Russell,LAL,25.707,12.977,5.14,2.791,0.977,0.395,1.86,0.385,0.32,0.632,10.123,43,0.505,0.2,0.109
DaQuan Jeffries,CHO,18.082,5.389,1.167,2.944,0.722,0.389,0.556,0.347,0.267,0.25,4.578,18,0.298,0.065,0.163
Dalano Banton,POR,15.204,8.425,2.075,1.95,0.7,0.5,1.2,0.396,0.272,0.417,5.97,40,0.554,0.136,0.128
Dalen Terry,CHI,12.726,3.787,1.213,1.489,0.468,0.234,0.745,0.382,0.176,0.213,2.894,47,0.298,0.095,0.117
Dalton Knecht,LAL,20.708,9.417,0.875,3.062,0.333,0.062,0.5,0.419,0.304,0.378,6.635,48,0.455,0.042,0.148
Damian Lillard,MIL,36.238,25.0,7.419,4.651,1.163,0.209,2.837,0.439,0.374,0.904,20.395,43,0.69,0.205,0.128
Damion Lee,PHO,5.936,3.143,0.571,0.929,0.286,0.0,0.357,0.275,0.179,0.5,1.893,14,0.529,0.096,0.156
Daniel Gafford,DAL,22.024,12.612,1.429,6.898,0.408,1.837,1.204,0.686,0.0,0.635,12.727,49,0.573,0.065,0.313
Daniel Theis,NOP,16.349,4.263,1.579,4.316,0.474,0.526,0.658,0.403,0.167,0.317,4.776,38,0.261,0.097,0.264
Dario Šarić,DEN,14.747,3.769,1.692,3.615,0.538,0.077,1.077,0.254,0.104,0.231,2.954,13,0.256,0.115,0.245
Darius Garland,CLE,30.342,21.86,6.72,2.56,1.12,0.2,2.52,0.509,0.435,0.769,17.46,50,0.72,0.221,0.084
David Roddy,ATL,12.827,4.519,1.111,2.593,0.444,0.296,0.741,0.41,0.281,0.216,4.063,27,0.352,0.087,0.202
Davion Mitchell,TOR,24.55,6.341,4.614,1.932,0.705,0.182,1.773,0.402,0.37,0.284,5.273,44,0.258,0.188,0.079
Day'Ron Sharpe,BRK,17.339,8.033,1.533,6.033,0.733,0.633,1.2,0.496,0.136,0.54,7.897,30,0.463,0.088,0.348
De'Aaron Fox,SAC,36.867,24.894,6.277,4.936,1.553,0.426,2.851,0.47,0.338,0.751,18.691,47,0.675,0.17,0.134
De'Andre Hunter,ATL,28.746,18.973,1.541,3.919,0.838,0.135,1.595,0.453,0.39,0.81,12.781,37,0.66,0.054,0.136
DeAndre Jordan,DEN,11.685,3.568,0.811,4.541,0.27,0.459,0.73,0.62,0.0,0.119,4.165,37,0.305,0.069,0.389
DeMar DeRozan,SAC,35.816,21.696,3.674,3.739,1.087,0.457,1.348,0.485,0.311,0.838,16.187,46,0.606,0.103,0.104
Dean Wade,CLE,22.827,6.029,1.571,5.086,0.857,0.457,0.314,0.418,0.37,0.219,6.257,35,0.264,0.069,0.223
Deandre Ayton,POR,30.394,14.737,1.632,10.316,0.816,0.974,1.658,0.575,0.101,0.299,13.384,38,0.485,0.054,0.339
Dejounte Murray,NOP,32.65,17.484,7.355,6.452,2.032,0.387,3.419,0.391,0.277,0.762,13.948,31,0.535,0.225,0.198
Delon Wright,MIL,15.561,2.5,1.846,1.769,0.885,0.346,0.538,0.221,0.179,0.125,2.904,26,0.161,0.119,0.114
Deni Avdija,POR,28.675,14.612,3.367,6.429,1.02,0.551,2.49,0.451,0.324,0.726,11.641,49,0.51,0.117,0.224
Dennis Schröder,BRK,29.792,14.426,5.468,2.638,1.085,0.149,2.277,0.414,0.361,0.604,10.34,47,0.484,0.184,0.089
Dereck Lively,DAL,24.14,8.68,2.48,7.76,0.64,1.6,1.28,0.701,0.0,0.451,10.764,25,0.36,0.103,0.321
Derrick Jones,LAC,24.628,10.0,0.931,3.345,1.31,0.345,1.0,0.524,0.386,0.457,7.886,29,0.406,0.038,0.136
Derrick Jones Jr.,LAC,26.015,11.15,0.85,4.2,1.05,0.45,0.9,0.546,0.254,0.417,9.09,20,0.429,0.033,0.161
Derrick White,BOS,33.615,16.102,4.143,4.204,0.878,1.163,1.551,0.44,0.382,0.601,13.314,49,0.479,0.123,0.125
Desmond Bane,MEM,30.069,17.925,5.45,5.675,1.2,0.425,2.475,0.489,0.36,0.652,14.905,40,0.596,0.181,0.189
Devin Booker,PHO,37.182,26.413,6.696,4.022,1.087,0.261,2.696,0.444,0.309,0.873,20.122,46,0.71,0.18,0.108
Devin Carter,SAC,9.87,3.688,1.312,2.5,0.312,0.188,0.5,0.229,0.165,0.328,2.781,16,0.374,0.133,0.253
Devin Vassell,SAS,30.352,16.147,3.0,3.618,1.176,0.5,1.588,0.432,0.355,0.509,11.247,34,0.532,0.099,0.119
Dillon Brooks,HOU,32.311,13.583,1.479,3.792,0.792,0.229,1.042,0.407,0.363,0.462,8.342,48,0.42,0.046,0.117
Dillon Jones,OKC,8.901,2.062,0.906,2.031,0.188,0.094,0.406,0.171,0.073,0.161,1.541,32,0.232,0.102,0.228
Domantas Sabonis,SAC,35.985,20.396,6.333,14.271,0.625,0.438,3.021,0.613,0.448,0.689,20.696,48,0.567,0.176,0.397
Dominick Barlow,ATL,7.941,2.8,0.2,1.533,0.2,0.467,0.067,0.276,0.2,0.133,2.3,15,0.353,0.025,0.193
Donovan Clingan,POR,16.061,5.026,0.737,6.447,0.421,1.5,1.158,0.528,0.14,0.265,5.708,38,0.313,0.046,0.401
Donovan Mitchell,CLE,31.306,24.02,4.735,4.347,1.429,0.204,2.0,0.449,0.388,0.739,17.659,49,0.767,0.151,0.139
Donte DiVincenzo,MIN,26.429,11.0,3.6,3.675,1.2,0.175,1.775,0.384,0.355,0.417,8.642,40,0.416,0.136,0.139
Dorian Finney-Smith,BRK,27.049,8.886,1.314,3.857,0.886,0.343,0.857,0.455,0.396,0.174,7.154,35,0.329,0.049,0.143
Doug McDermott,SAC,8.389,3.419,0.129,0.548,0.129,0.032,0.161,0.26,0.271,0.038,1.861,31,0.408,0.015,0.065
Draymond Green,GSW,28.151,8.378,5.514,5.946,1.081,1.081,2.405,0.4,0.322,0.413,8.554,37,0.298,0.196,0.211
Drew Eubanks,UTA,15.088,5.667,1.154,4.462,0.256,0.821,0.795,0.605,0.077,0.376,5.841,39,0.376,0.076,0.296
Drew Peterson,BOS,9.042,2.714,0.786,1.929,0.143,0.143,0.357,0.41,0.307,0.179,2.593,14,0.3,0.087,0.213
Dru Smith,MIA,19.159,6.286,1.643,2.571,1.5,0.429,1.214,0.438,0.387,0.176,6.029,14,0.328,0.086,0.134
Duncan Robinson,MIA,24.246,10.854,2.583,2.333,0.562,0.104,1.125,0.4,0.368,0.299,7.265,48,0.448,0.107,0.096
Duop Reath,POR,5.329,2.28,0.24,0.88,0.0,0.08,0.16,0.297,0.193,0.107,1.384,25,0.428,0.045,0.165
Dwight Powell,DAL,7.592,1.485,0.697,1.788,0.364,0.455,0.212,0.263,0.03,0.235,2.452,33,0.196,0.092,0.235
Dyson Daniels,ATL,33.902,13.83,3.957,5.383,2.979,0.766,1.915,0.476,0.362,0.348,12.921,47,0.408,0.117,0.159
Enrique Freeman,IND,7.318,1.684,0.421,1.0,0.105,0.105,0.263,0.355,0.026,0.184,1.147,19,0.23,0.058,0.137
Eric Gordon,PHI,19.988,7.0,1.684,1.211,0.684,0.316,0.737,0.386,0.348,0.37,5.489,38,0.35,0.084,0.061
Evan Mobley,CLE,30.048,18.457,2.891,9.0,0.848,1.478,1.891,0.556,0.322,0.754,16.909,46,0.614,0.096,0.3
Franz Wagner,ORL,32.782,24.788,5.091,5.364,1.455,0.455,2.242,0.46,0.291,0.789,18.664,33,0.756,0.155,0.164
Fred VanVleet,HOU,35.497,14.622,5.8,3.889,1.6,0.444,1.556,0.372,0.329,0.561,12.229,45,0.412,0.163,0.11
Gabe Vincent,LAL,20.314,5.381,1.262,1.262,0.667,0.238,0.619,0.379,0.291,0.06,3.429,42,0.265,0.062,0.062
Garrett Temple,TOR,3.902,0.647,0.647,0.588,0.353,0.118,0.235,0.118,0.059,0.118,0.812,17,0.166,0.166,0.151
Garrison Mathews,ATL,17.735,7.535,1.302,1.837,0.605,0.256,0.674,0.341,0.326,0.466,5.433,43,0.425,0.073,0.104
Gary Harris,ORL,16.031,3.75,0.458,1.208,0.625,0.25,0.458,0.331,0.253,0.056,2.729,24,0.234,0.029,0.075
Gary Payton,GSW,13.141,4.643,1.214,2.786,0.714,0.357,0.5,0.537,0.107,0.134,4.786,28,0.353,0.092,0.212
Gary Payton II,GSW,14.405,6.5,1.417,3.417,0.5,0.167,1.167,0.489,0.25,0.5,4.742,12,0.451,0.098,0.237
Gary Trent,MIL,24.758,9.517,0.897,2.241,1.0,0.069,0.655,0.414,0.37,0.336,6.207,29,0.384,0.036,0.091
Gary Trent Jr.,MIL,24.443,10.706,1.353,2.471,0.941,0.059,0.412,0.445,0.449,0.206,8.247,17,0.438,0.055,0.101
Georges Niang,CLE,20.653,8.725,1.314,3.706,0.333,0.137,0.941,0.477,0.394,0.221,5.978,51,0.422,0.064,0.179
Giannis Antetokounmpo,MIL,34.945,31.619,5.976,12.333,0.786,1.357,3.452,0.614,0.071,0.538,26.376,42,0.905,0.171,0.353
Goga Bitadze,ORL,23.866,9.143,2.286,8.095,0.81,1.595,1.357,0.658,0.036,0.386,10.855,42,0.383,0.096,0.339
Gradey Dick,TOR,29.854,15.622,1.933,3.422,0.822,0.2,1.578,0.419,0.359,0.744,9.86,45,0.523,0.065,0.115
Grant Williams,CHO,29.941,10.375,2.312,5.125,1.125,0.812,1.75,0.44,0.363,0.578,8.594,16,0.347,0.077,0.171
Grayson Allen,PHO,25.096,11.071,2.048,3.452,0.952,0.31,1.024,0.452,0.436,0.425,9.152,42,0.441,0.082,0.138
Guerschon Yabusele,PHI,26.837,11.104,2.042,5.667,0.792,0.417,1.312,0.498,0.321,0.473,9.669,48,0.414,0.076,0.211
Gui Santos,GSW,12.513,4.0,1.154,2.577,0.346,0.115,0.615,0.345,0.233,0.192,3.681,26,0.32,0.092,0.206
Harrison Barnes,SAS,27.794,11.633,1.776,4.0,0.367,0.204,0.592,0.479,0.374,0.582,10.037,49,0.419,0.064,0.144
Haywood Highsmith,MIA,23.913,6.396,1.208,3.104,0.938,0.625,0.708,0.395,0.305,0.125,5.64,48,0.267,0.051,0.13
Herbert Jones,NOP,32.408,10.25,3.25,3.9,1.85,0.45,1.75,0.434,0.261,0.493,8.57,20,0.316,0.1,0.12
Hunter Tyson,DEN,7.663,2.222,0.361,1.556,0.139,0.139,0.333,0.296,0.259,0.208,1.547,36,0.29,0.047,0.203
Immanuel Quickley,TOR,25.949,14.308,6.0,2.231,0.538,0.154,1.692,0.437,0.378,0.814,11.285,13,0.551,0.231,0.086
Isaac Jones,SAC,8.73,3.64,0.32,1.52,0.12,0.32,0.48,0.474,0.04,0.253,2.784,25,0.417,0.037,0.174
Isaac Okoro,CLE,19.677,5.75,1.643,2.071,0.679,0.393,0.393,0.44,0.343,0.307,5.007,28,0.292,0.083,0.105
Isaiah Collier,UTA,22.972,6.452,5.524,2.905,0.81,0.19,2.714,0.376,0.153,0.285,4.976,42,0.281,0.24,0.126
Isaiah Hartenstein,OKC,29.258,11.516,4.129,11.968,0.839,1.097,1.774,0.554,0.0,0.514,13.339,31,0.394,0.141,0.409
Isaiah Joe,OKC,21.048,9.787,1.383,2.532,0.702,0.128,0.447,0.412,0.365,0.241,7.264,47,0.465,0.066,0.12
Isaiah Stewart,DET,20.219,5.66,1.702,5.809,0.383,1.255,0.872,0.497,0.128,0.34,6.626,47,0.28,0.084,0.287
Isaiah Wong,CHO,12.536,5.333,1.444,1.667,0.556,0.0,0.833,0.372,0.329,0.37,3.506,18,0.425,0.115,0.133
Ivica Zubac,LAC,31.964,15.163,2.49,12.653,0.735,1.122,1.714,0.599,0.0,0.501,15.796,49,0.474,0.078,0.396
Ja Morant,MEM,28.359,20.667,7.5,4.167,1.333,0.3,3.933,0.46,0.313,0.781,15.717,30,0.729,0.264,0.147
Ja'Kobe Walter,TOR,19.322,7.727,1.455,2.394,0.667,0.212,0.788,0.386,0.247,0.295,5.094,33,0.4,0.075,0.124
Jabari Smith,HOU,31.182,11.906,1.031,6.688,0.312,0.969,0.906,0.416,0.331,0.532,9.372,32,0.382,0.033,0.214
Jabari Walker,POR,10.13,3.216,0.459,2.811,0.514,0.135,0.541,0.327,0.135,0.191,2.681,37,0.317,0.045,0.277
Jacob Toppin,NYK,3.039,0.375,0.25,0.688,0.125,0.0,0.125,0.125,0.0,0.0,0.369,16,0.123,0.082,0.226
Jaden Hardy,DAL,15.612,8.359,1.385,1.59,0.538,0.128,1.462,0.362,0.298,0.408,4.533,39,0.535,0.089,0.102
Jaden Ivey,DET,29.934,17.6,3.967,4.133,0.933,0.367,2.967,0.464,0.4,0.692,11.963,30,0.588,0.133,0.138
Jaden McDaniels,MIN,31.446,10.981,1.712,5.481,1.423,0.885,1.135,0.457,0.368,0.346,9.242,52,0.349,0.054,0.174
Jaden Springer,BOS,5.422,1.731,0.385,0.923,0.462,0.038,0.154,0.175,0.083,0.231,1.588,26,0.319,0.071,0.17
Jae'Sean Tate,HOU,11.39,3.906,0.906,2.156,0.625,0.062,0.406,0.352,0.089,0.304,3.425,32,0.343,0.08,0.189
Jaime Jaquez,MIA,21.58,8.615,2.115,4.654,1.115,0.115,1.5,0.428,0.203,0.437,6.777,26,0.399,0.098,0.216
Jaime Jaquez Jr.,MIA,25.212,10.263,3.526,4.789,1.053,0.316,1.474,0.429,0.251,0.586,9.663,19,0.407,0.14,0.19
Jake LaRavia,MEM,20.894,7.298,2.83,4.362,0.936,0.426,1.468,0.473,0.351,0.434,7.309,47,0.349,0.135,0.209
Jakob Poeltl,TOR,30.856,14.156,2.844,10.111,1.156,1.289,1.933,0.593,0.0,0.469,14.36,45,0.459,0.092,0.328
Jalen Brunson,NYK,35.274,26.08,7.52,2.9,0.96,0.08,2.42,0.487,0.358,0.793,20.286,50,0.739,0.213,0.082
Jalen Duren,DET,25.609,10.735,2.367,10.041,0.653,1.163,1.918,0.682,0.0,0.534,12.029,49,0.419,0.092,0.392
Jalen Green,HOU,33.201,21.451,2.922,4.353,0.882,0.314,2.529,0.419,0.319,0.764,13.388,51,0.646,0.088,0.131
Jalen Johnson,ATL,35.672,18.889,5.028,9.972,1.556,1.0,2.944,0.498,0.292,0.622,16.772,36,0.53,0.141,0.28
Jalen Pickett,DEN,9.424,2.727,1.682,1.0,0.227,0.091,0.364,0.411,0.259,0.045,2.655,22,0.289,0.178,0.106
Jalen Smith,CHI,15.335,8.447,0.915,5.617,0.255,0.745,0.596,0.465,0.324,0.43,7.572,47,0.551,0.06,0.366
Jalen Suggs,ORL,28.639,16.2,3.686,4.029,1.457,0.943,2.914,0.407,0.305,0.644,10.817,35,0.566,0.129,0.141
Jalen Williams,OKC,32.682,21.021,5.083,5.479,1.771,0.771,2.229,0.477,0.311,0.694,16.537,48,0.643,0.156,0.168
Jalen Wilson,BRK,27.394,9.471,1.902,3.471,0.549,0.039,1.137,0.416,0.323,0.49,6.267,51,0.346,0.069,0.127
Jamal Cain,NOP,12.596,3.7,0.55,2.4,0.45,0.35,0.45,0.33,0.205,0.288,3.105,20,0.294,0.044,0.191
Jamal Murray,DEN,35.98,20.156,6.111,4.022,1.422,0.556,2.178,0.455,0.338,0.819,16.202,45,0.56,0.17,0.112
Jamal Shead,TOR,17.167,5.87,3.587,1.174,0.565,0.109,1.457,0.424,0.329,0.239,4.326,46,0.342,0.209,0.068
James Harden,LAC,33.888,21.312,8.417,5.75,1.458,0.604,4.5,0.394,0.338,0.86,16.862,48,0.629,0.248,0.17
James Johnson,IND,3.191,0.8,0.4,0.5,0.0,0.2,0.4,0.217,0.0,0.0,0.3,10,0.251,0.125,0.157
Jamison Battle,TOR,12.691,5.556,0.889,1.833,0.139,0.111,0.333,0.406,0.342,0.181,4.247,36,0.438,0.07,0.144
Jarace Walker,IND,16.725,6.208,1.458,3.229,0.896,0.417,1.104,0.478,0.299,0.238,5.098,48,0.371,0.087,0.193
Jared Butler,WAS,11.311,6.875,2.562,1.281,0.375,0.156,0.906,0.459,0.211,0.493,5.394,32,0.608,0.227,0.113
Jared McCain,PHI,25.73,15.304,2.609,2.435,0.652,0.0,1.609,0.441,0.328,0.525,10.217,23,0.595,0.101,0.095
Jaren Jackson,MEM,28.182,21.613,1.774,5.935,1.452,1.71,2.097,0.499,0.364,0.791,16.142,31,0.767,0.063,0.211
Jaren Jackson Jr.,MEM,32.111,26.556,2.944,6.389,1.0,1.444,2.333,0.518,0.378,0.737,19.289,18,0.827,0.092,0.199
Jarrett Allen,CLE,28.928,13.615,2.019,10.288,0.923,0.962,1.154,0.696,0.0,0.637,15.344,52,0.471,0.07,0.356
Javonte Green,NOP,22.123,5.913,0.913,3.587,1.065,0.63,0.587,0.435,0.343,0.443,5.872,46,0.267,0.041,0.162
Jaxson Hayes,LAL,17.397,5.536,0.964,4.036,0.536,0.929,0.714,0.649,0.0,0.488,5.979,28,0.318,0.055,0.232
Jay Huff,MEM,12.912,7.75,0.659,2.227,0.25,0.909,0.636,0.455,0.339,0.314,6.123,44,0.6,0.051,0.172
Jaylen Brown,BOS,35.377,23.178,4.778,6.089,1.178,0.267,2.622,0.466,0.329,0.68,16.498,45,0.655,0.135,0.172
Jaylen Clark,MIN,11.576,4.8,0.5,1.5,0.3,0.1,0.1,0.34,0.275,0.325,3.77,10,0.415,0.043,0.13
Jaylen Wells,MEM,26.1,11.314,1.725,3.176,0.588,0.118,0.961,0.437,0.347,0.507,8.053,51,0.433,0.066,0.122
Jaylin Williams,OKC,17.079,5.87,2.435,5.652,0.435,0.696,0.739,0.434,0.375,0.217,6.343,23,0.344,0.143,0.331
Jaylon Tyson,CLE,9.408,3.0,0.909,2.182,0.242,0.061,0.424,0.28,0.197,0.212,2.639,33,0.319,0.097,0.232
Jayson Tatum,BOS,36.317,26.551,5.653,8.653,1.224,0.531,2.857,0.449,0.359,0.806,20.431,49,0.731,0.156,0.238
Jazian Gortman,DAL,3.537,1.5,0.375,0.312,0.125,0.062,0.312,0.286,0.167,0.062,0.681,16,0.424,0.106,0.088
Jeff Dowtin,PHI,11.071,3.565,1.435,1.174,0.348,0.174,0.13,0.3,0.141,0.228,3.122,23,0.322,0.13,0.106
Jeff Green,HOU,10.377,4.071,0.214,1.286,0.214,0.071,0.286,0.482,0.338,0.232,2.836,14,0.392,0.021,0.124
Jerami Grant,POR,32.31,14.7,2.225,3.325,0.725,1.05,1.275,0.381,0.382,0.628,9.885,40,0.455,0.069,0.103
Jeremiah Robinson-Earl,NOP,17.86,5.5,1.214,4.714,0.667,0.143,0.69,0.421,0.248,0.262,5.464,42,0.308,0.068,0.264
Jeremy Sochan,SAS,27.053,12.0,2.533,7.533,0.9,0.533,1.7,0.527,0.214,0.483,10.99,30,0.444,0.094,0.278
Jericho Sims,NYK,10.813,1.641,0.564,3.308,0.205,0.256,0.538,0.351,0.0,0.103,2.336,39,0.152,0.052,0.306
Jett Howard,ORL,10.926,4.432,0.591,1.205,0.159,0.159,0.5,0.339,0.264,0.134,2.395,44,0.406,0.054,0.11
Jevon Carter,CHI,7.209,3.75,0.875,0.917,0.292,0.042,0.333,0.337,0.229,0.125,2.867,24,0.52,0.121,0.127
Jimmy Butler,MIA,30.635,17.04,4.8,5.24,1.08,0.4,1.2,0.526,0.307,0.706,17.04,25,0.556,0.157,0.171
Jock Landale,HOU,9.93,3.52,0.88,2.88,0.2,0.32,0.48,0.359,0.2,0.277,3.472,25,0.354,0.089,0.29
Joe Ingles,MIN,4.852,0.833,1.083,0.333,0.083,0.0,0.417,0.056,0.056,0.0,0.767,12,0.172,0.223,0.069
Joel Embiid,PHI,29.893,24.6,4.4,8.067,0.8,1.0,3.2,0.434,0.369,0.818,18.773,15,0.823,0.147,0.27
John Collins,UTA,30.182,18.242,2.242,8.152,1.0,1.061,2.606,0.536,0.401,0.917,14.636,33,0.604,0.074,0.27
John Konchar,MEM,13.7,2.704,1.074,3.889,0.519,0.407,0.37,0.364,0.265,0.13,3.785,27,0.197,0.078,0.284
Johnny Davis,WAS,7.106,2.353,0.324,1.118,0.441,0.176,0.206,0.342,0.129,0.125,1.879,34,0.331,0.046,0.157
Johnny Furphy,IND,7.285,1.938,0.281,1.031,0.281,0.188,0.281,0.246,0.161,0.156,1.497,32,0.266,0.039,0.142
Johnny Juzang,UTA,17.581,7.176,0.971,2.618,0.353,0.147,0.471,0.368,0.342,0.208,4.865,34,0.408,0.055,0.149
Jonas Valančiūnas,WAS,19.997,11.4,2.22,8.18,0.44,0.56,1.76,0.553,0.1,0.715,10.42,50,0.57,0.111,0.409
Jonathan Isaac,ORL,16.54,5.894,0.511,4.83,0.83,1.255,0.426,0.4,0.21,0.406,6.136,47,0.356,0.031,0.292
Jonathan Kuminga,GSW,26.002,16.75,2.188,4.969,0.906,0.562,1.562,0.449,0.319,0.508,11.706,32,0.644,0.084,0.191
Jonathan Mogbo,TOR,16.892,5.308,1.59,4.154,0.718,0.436,0.795,0.447,0.184,0.325,5.438,39,0.314,0.094,0.246
Jordan Clarkson,UTA,25.874,16.63,3.778,3.185,0.889,0.259,2.185,0.406,0.332,0.697,11.396,27,0.643,0.146,0.123
Jordan Hawkins,NOP,23.206,10.909,0.97,2.485,0.667,0.394,0.909,0.332,0.307,0.456,6.452,33,0.47,0.042,0.107
Jordan McLaughlin,SAC,6.779,1.893,0.857,0.75,0.393,0.0,0.393,0.192,0.214,0.143,1.646,28,0.279,0.126,0.111
Jordan Miller,LAC,12.761,4.897,1.069,1.793,0.517,0.172,0.759,0.311,0.116,0.313,3.683,29,0.384,0.084,0.141
Jordan Poole,WAS,31.164,20.841,4.864,3.091,1.455,0.5,3.341,0.4,0.369,0.751,13.725,44,0.669,0.156,0.099
Jordan Walsh,BOS,7.895,1.6,0.314,1.143,0.257,0.229,0.257,0.219,0.171,0.064,1.317,35,0.203,0.04,0.145
Jose Alvarado,NOP,22.187,9.63,4.111,1.963,1.259,0.296,1.148,0.37,0.368,0.296,8.404,27,0.434,0.185,0.088
Josh Giddey,CHI,28.795,12.104,6.562,7.25,1.104,0.5,2.75,0.451,0.362,0.496,12.021,48,0.42,0.228,0.252
Josh Green,CHO,28.621,7.489,1.467,2.844,1.067,0.244,0.889,0.419,0.357,0.339,5.718,45,0.262,0.051,0.099
Josh Hart,NYK,37.574,14.3,5.78,9.66,1.54,0.36,1.9,0.565,0.333,0.617,16.086,50,0.381,0.154,0.257
Josh Minott,MIN,6.953,2.581,0.419,1.065,0.387,0.323,0.226,0.364,0.14,0.134,2.174,31,0.371,0.06,0.153
Josh Okogie,PHO,15.598,6.875,0.75,3.0,1.25,0.469,0.781,0.451,0.283,0.285,6.281,32,0.441,0.048,0.192
Jrue Holiday,BOS,30.238,10.977,3.682,4.409,0.977,0.432,1.341,0.436,0.318,0.42,9.784,44,0.363,0.122,0.146
Julian Champagnie,SAS,25.209,10.286,1.245,4.143,0.816,0.449,1.02,0.411,0.351,0.307,7.686,49,0.408,0.049,0.164
Julian Phillips,CHI,12.984,4.26,0.4,2.0,0.4,0.24,0.4,0.429,0.258,0.305,3.244,50,0.328,0.031,0.154
Julian Strawther,DEN,21.992,9.25,1.346,2.135,0.673,0.269,0.846,0.423,0.337,0.46,5.887,52,0.421,0.061,0.097
Julius Randle,MIN,32.574,18.854,4.458,7.167,0.729,0.229,2.833,0.462,0.289,0.764,14.442,48,0.579,0.137,0.22
Justin Champagnie,WAS,18.765,7.781,0.938,4.5,0.969,0.625,0.781,0.397,0.312,0.261,7.169,32,0.415,0.05,0.24
Justin Edwards,PHI,23.876,8.091,1.409,3.091,0.773,0.318,0.864,0.43,0.315,0.155,6.259,22,0.339,0.059,0.129
Jusuf Nurkić,PHO,23.669,8.6,1.88,9.16,0.92,0.64,2.28,0.442,0.281,0.539,7.524,25,0.363,0.079,0.387
KJ Martin,PHI,19.983,6.417,0.792,3.0,0.458,0.667,0.5,0.546,0.194,0.492,5.658,24,0.321,0.04,0.15
KJ Simpson,CHO,18.003,6.211,2.263,2.263,0.684,0.211,1.053,0.278,0.142,0.395,4.047,19,0.345,0.126,0.126
Kai Jones,LAC,7.603,2.185,0.37,1.667,0.222,0.481,0.37,0.414,0.0,0.124,2.433,27,0.287,0.049,0.219
Karl-Anthony Towns,NYK,34.717,24.326,3.326,13.609,0.957,0.804,2.5,0.528,0.419,0.856,21.233,46,0.701,0.096,0.392
Karlo Matković,NOP,10.536,2.286,0.643,3.143,0.5,0.786,0.714,0.276,0.131,0.143,2.793,14,0.217,0.061,0.298
Kawhi Leonard,LAC,24.984,16.154,2.538,4.538,0.846,0.538,1.923,0.46,0.33,0.468,10.985,13,0.647,0.102,0.182
Keaton Wallace,ATL,17.347,5.75,2.292,1.458,0.917,0.333,1.167,0.378,0.232,0.208,4.621,24,0.331,0.132,0.084
Keegan Murray,SAC,35.095,11.979,1.375,7.062,0.792,0.833,0.917,0.427,0.314,0.344,9.631,48,0.341,0.039,0.201
Kel'el Ware,MIA,18.357,8.429,0.743,5.714,0.571,0.971,0.743,0.492,0.252,0.28,7.963,35,0.459,0.04,0.311
Keldon Johnson,SAS,23.672,11.848,1.37,4.587,0.587,0.239,0.826,0.438,0.263,0.541,8.776,46,0.501,0.058,0.194
Kelly Olynyk,TOR,15.95,7.125,2.333,3.708,0.667,0.333,1.458,0.511,0.335,0.427,6.138,24,0.447,0.146,0.232
Kelly Oubre,PHI,32.271,12.69,1.517,5.69,1.172,0.517,1.241,0.456,0.269,0.53,9.369,29,0.393,0.047,0.176
Kelly Oubre Jr.,PHI,37.881,16.842,2.421,7.842,1.947,0.474,1.316,0.474,0.262,0.637,14.047,19,0.445,0.064,0.207
Kenrich Williams,OKC,14.456,5.525,1.05,3.275,0.625,0.125,0.575,0.506,0.31,0.2,4.768,40,0.382,0.073,0.227
Kentavious Caldwell-Pope,ORL,30.438,8.98,1.84,2.04,1.48,0.5,0.86,0.403,0.281,0.518,7.122,50,0.295,0.06,0.067
Keon Ellis,SAC,21.871,7.714,1.265,2.429,1.408,0.755,0.837,0.453,0.406,0.368,7.196,49,0.353,0.058,0.111
Keon Johnson,BRK,23.084,10.04,1.9,3.5,0.9,0.34,1.22,0.357,0.285,0.461,6.248,50,0.435,0.082,0.152
Keshad Johnson,MIA,5.697,1.6,0.3,1.7,0.1,0.4,0.3,0.25,0.1,0.025,1.52,10,0.281,0.053,0.298
Kessler Edwards,DAL,8.788,1.318,0.591,1.727,0.273,0.273,0.182,0.202,0.098,0.091,1.436,22,0.15,0.067,0.197
Kevin Durant,PHO,36.164,26.923,4.179,6.077,0.821,1.333,3.026,0.531,0.425,0.817,20.326,39,0.744,0.116,0.168
Kevin Huerter,SAC,20.915,7.86,1.721,2.791,0.837,0.372,0.86,0.374,0.279,0.23,5.735,43,0.376,0.082,0.133
Kevin Love,MIA,10.89,5.474,1.0,4.053,0.737,0.105,0.684,0.276,0.252,0.25,4.479,19,0.503,0.092,0.372
Kevin Porter,LAC,20.253,10.037,3.0,3.667,1.037,0.259,2.296,0.396,0.228,0.431,6.356,27,0.496,0.148,0.181
Kevin Porter Jr.,LAC,18.72,8.222,3.5,3.389,0.833,0.222,1.222,0.399,0.157,0.317,6.644,18,0.439,0.187,0.181
Kevon Looney,GSW,16.358,5.156,1.867,6.911,0.733,0.422,0.578,0.518,0.0,0.239,6.924,45,0.315,0.114,0.422
Keyonte George,UTA,31.36,16.45,5.775,3.575,0.75,0.2,2.8,0.399,0.329,0.635,11.36,40,0.525,0.184,0.114
Khris Middleton,MIL,23.215,12.609,4.435,3.696,0.739,0.217,1.609,0.45,0.34,0.486,10.622,23,0.543,0.191,0.159
Klay Thompson,DAL,27.286,13.689,2.044,3.444,0.8,0.422,1.422,0.407,0.373,0.392,9.298,45,0.502,0.075,0.126
Kobe Brown,LAC,7.949,2.65,0.7,2.25,0.15,0.1,0.3,0.411,0.167,0.125,2.55,20,0.333,0.088,0.283
Kobe Bufkin,ATL,12.364,5.3,1.7,2.1,0.3,0.2,0.8,0.416,0.145,0.45,3.83,10,0.429,0.137,0.17
Kris Dunn,LAC,22.513,5.818,2.773,3.341,1.523,0.341,1.114,0.41,0.282,0.076,5.5,44,0.258,0.123,0.148
Kris Murray,POR,13.494,3.953,0.86,2.14,0.372,0.186,0.488,0.371,0.167,0.159,3.228,43,0.293,0.064,0.159
Kristaps Porziņģis,BOS,28.552,19.148,2.037,7.0,0.778,1.63,1.0,0.487,0.41,0.758,15.856,27,0.671,0.071,0.245
Kyle Anderson,GSW,15.027,5.25,2.25,3.056,0.722,0.556,0.556,0.472,0.236,0.19,5.611,36,0.349,0.15,0.203
Kyle Filipowski,UTA,17.909,6.1,1.775,4.8,0.525,0.15,1.0,0.466,0.221,0.366,5.535,40,0.341,0.099,0.268
Kyle Kuzma,WAS,27.602,15.091,2.424,5.818,0.606,0.212,2.273,0.41,0.218,0.395,8.652,33,0.547,0.088,0.211
Kyle Lowry,PHI,19.292,4.156,2.875,2.0,0.969,0.312,0.625,0.276,0.261,0.281,4.691,32,0.215,0.149,0.104
Kyrie Irving,DAL,36.18,24.366,4.805,4.707,1.293,0.341,2.341,0.484,0.394,0.821,18.366,41,0.673,0.133,0.13
Kyshawn George,WAS,25.731,7.891,2.174,3.783,0.891,0.63,1.283,0.332,0.272,0.293,5.472,46,0.307,0.084,0.147
LaMelo Ball,CHO,33.363,28.031,7.375,5.219,1.344,0.312,3.688,0.412,0.343,0.744,18.806,32,0.84,0.221,0.156
Landry Shamet,NYK,10.392,2.737,0.421,0.789,0.421,0.105,0.368,0.355,0.174,0.026,1.689,19,0.263,0.041,0.076
Larry Nance,ATL,19.383,9.533,1.6,4.267,1.067,0.733,0.733,0.544,0.426,0.233,9.647,15,0.492,0.083,0.22
Lauri Markkanen,UTA,32.074,19.289,1.684,6.211,0.737,0.395,1.395,0.437,0.354,0.735,13.853,38,0.601,0.053,0.194
LeBron James,LAL,34.671,24.457,9.043,7.783,0.87,0.522,3.783,0.514,0.351,0.758,20.943,46,0.705,0.261,0.224
Liam Robbins,MIL,4.382,0.692,0.154,0.923,0.154,0.154,0.462,0.115,0.0,0.135,0.292,13,0.158,0.035,0.211
Lindy Waters,GSW,17.675,5.5,1.333,2.625,0.75,0.208,0.375,0.335,0.315,0.104,4.242,24,0.311,0.075,0.149
Lindy Waters III,GSW,16.511,5.5,0.714,2.429,0.357,0.357,0.571,0.324,0.275,0.119,3.486,14,0.333,0.043,0.147
Lonzo Ball,CHI,21.566,7.167,3.467,3.433,1.467,0.5,1.2,0.374,0.337,0.194,7.173,30,0.332,0.161,0.159
Luguentz Dort,OKC,29.003,9.708,1.667,4.375,1.062,0.667,0.729,0.402,0.375,0.304,8.0,48,0.335,0.057,0.151
Luka Dončić,DAL,35.66,28.136,7.818,8.318,2.0,0.409,3.409,0.465,0.351,0.765,22.7,22,0.789,0.219,0.233
Luka Garza,MIN,5.175,3.4,0.1,1.3,0.1,0.05,0.3,0.412,0.15,0.217,2.21,20,0.657,0.019,0.251
Luke Kennard,MEM,22.157,9.711,3.447,2.921,0.658,0.079,1.079,0.433,0.436,0.401,9.029,38,0.438,0.156,0.132
Luke Kornet,BOS,16.93,5.13,1.565,4.935,0.5,0.935,0.413,0.533,0.0,0.327,7.228,46,0.303,0.092,0.291
Malaki Branham,SAS,9.575,4.533,0.867,1.1,0.233,0.067,0.933,0.355,0.304,0.245,2.62,30,0.473,0.091,0.115
Malcolm Brogdon,WAS,24.129,13.095,3.952,3.952,0.524,0.238,1.619,0.417,0.279,0.723,10.362,21,0.543,0.164,0.164
Malik Beasley,DET,27.931,16.404,1.808,2.885,0.923,0.038,1.096,0.425,0.397,0.443,10.854,52,0.587,0.065,0.103
Malik Monk,SAC,32.062,18.093,5.744,3.791,1.023,0.605,2.116,0.441,0.297,0.664,13.77,43,0.564,0.179,0.118
MarJon Beauchamp,MIL,4.573,1.926,0.296,1.185,0.111,0.037,0.481,0.257,0.204,0.167,1.104,27,0.421,0.065,0.259
Marcus Sasser,DET,14.248,5.854,2.317,1.244,0.683,0.098,0.951,0.398,0.271,0.238,4.676,41,0.411,0.163,0.087
Marcus Smart,MEM,21.062,8.684,3.737,2.263,1.211,0.316,1.842,0.351,0.31,0.354,6.747,19,0.412,0.177,0.107
Mark Williams,CHO,25.015,15.565,2.478,9.609,0.652,1.174,1.0,0.581,0.0,0.715,15.713,23,0.622,0.099,0.384
Marvin Bagley,WAS,8.763,4.895,0.368,2.947,0.368,0.263,0.579,0.469,0.035,0.303,4.342,19,0.559,0.042,0.336
Mason Plumlee,PHO,17.755,3.94,1.86,6.36,0.48,0.76,0.9,0.496,0.0,0.335,5.598,50,0.222,0.105,0.358
Matas Buzelis,CHI,14.249,5.96,0.44,2.84,0.26,0.88,0.58,0.373,0.29,0.373,4.364,50,0.418,0.031,0.199
Matt Ryan,NYK,3.639,1.471,0.059,0.412,0.118,0.0,0.176,0.171,0.112,0.059,0.653,17,0.404,0.016,0.113
Max Christie,LAL,25.329,8.75,1.521,2.875,0.75,0.458,0.854,0.47,0.371,0.517,7.021,48,0.345,0.06,0.114
Max Strus,CLE,24.818,8.5,2.958,4.333,0.625,0.375,1.0,0.417,0.349,0.167,7.488,24,0.342,0.119,0.175
Maxi Kleber,DAL,18.728,3.029,1.265,2.794,0.265,0.5,0.676,0.322,0.213,0.191,2.609,34,0.162,0.068,0.149
Micah Potter,UTA,17.286,3.727,0.727,3.818,0.227,0.409,0.636,0.401,0.322,0.125,3.464,22,0.216,0.042,0.221
Michael Porter,DEN,34.389,18.633,2.7,6.6,0.733,0.4,1.5,0.521,0.411,0.638,14.717,30,0.542,0.079,0.192
Michael Porter Jr.,DEN,31.757,19.409,1.455,6.455,0.5,0.591,1.182,0.516,0.422,0.607,15.4,22,0.611,0.046,0.203
Mikal Bridges,NYK,38.338,18.196,3.255,3.098,0.98,0.529,1.569,0.486,0.339,0.375,13.259,51,0.475,0.085,0.081
Mike Conley,MIN,25.091,8.234,4.596,2.681,1.234,0.191,1.085,0.369,0.4,0.457,8.26,47,0.328,0.183,0.107
Miles Bridges,CHO,31.996,19.6,3.8,7.714,0.657,0.6,1.971,0.435,0.308,0.766,14.643,35,0.613,0.119,0.241
Miles McBride,NYK,23.266,9.146,2.732,2.39,0.854,0.171,0.707,0.42,0.352,0.364,7.539,41,0.393,0.117,0.103
Mo Bamba,LAC,12.254,5.583,0.417,5.0,0.083,0.75,0.75,0.605,0.243,0.333,5.275,12,0.456,0.034,0.408
Mohamed Bamba,LAC,12.839,3.812,0.688,3.75,0.5,1.188,0.625,0.388,0.262,0.276,3.512,16,0.297,0.054,0.292
Monte Morris,PHO,13.019,4.974,1.667,1.41,0.41,0.077,0.41,0.374,0.215,0.308,4.182,39,0.382,0.128,0.108
Moritz Wagner,ORL,18.804,12.867,1.4,4.933,0.8,0.4,1.633,0.537,0.338,0.6,10.217,30,0.684,0.074,0.262
Moses Moody,GSW,18.543,9.07,1.116,2.163,0.465,0.302,0.721,0.43,0.369,0.402,6.3,43,0.489,0.06,0.117
Moussa Diabaté,CHO,19.009,4.69,0.881,7.119,0.69,0.667,0.929,0.504,0.0,0.257,6.505,42,0.247,0.046,0.375
Myles Turner,IND,30.588,15.087,1.522,6.565,0.826,1.783,1.935,0.466,0.361,0.609,11.591,46,0.493,0.05,0.215
Naji Marshall,DAL,24.456,11.179,2.564,3.538,0.974,0.103,1.385,0.475,0.218,0.551,8.944,39,0.457,0.105,0.145
Naz Reid,MIN,25.964,14.0,1.902,5.235,0.784,0.863,1.196,0.473,0.392,0.558,10.969,51,0.539,0.073,0.202
Neemias Queta,BOS,14.496,5.15,0.675,3.7,0.325,0.7,0.625,0.507,0.0,0.329,5.222,40,0.355,0.047,0.255
Nic Claxton,BRK,26.507,9.911,1.956,7.489,0.933,1.311,1.2,0.554,0.022,0.353,9.902,45,0.374,0.074,0.283
Nick Richards,CHO,22.006,9.0,1.094,8.5,0.312,1.188,1.625,0.497,0.0,0.511,8.728,32,0.409,0.05,0.386
Nick Smith,CHO,8.899,3.143,0.714,0.786,0.286,0.071,0.214,0.307,0.279,0.036,1.807,14,0.353,0.08,0.088
Nick Smith Jr.,CHO,25.962,11.824,2.529,3.0,0.412,0.235,1.588,0.401,0.368,0.265,7.329,17,0.455,0.097,0.116
Nickeil Alexander-Walker,MIN,23.887,8.615,2.404,2.904,0.596,0.288,1.212,0.454,0.414,0.343,6.492,52,0.361,0.101,0.122
Nicolas Batum,LAC,17.474,3.367,1.327,2.837,0.633,0.408,0.429,0.336,0.334,0.112,3.712,49,0.193,0.076,0.162
Nikola Jokić,DEN,36.232,29.696,10.326,12.696,1.826,0.674,3.087,0.586,0.498,0.798,30.567,46,0.82,0.285,0.35
Nikola Jović,MIA,25.011,11.049,2.951,3.927,0.878,0.293,1.341,0.454,0.356,0.573,9.302,41,0.442,0.118,0.157
Nikola Vučević,CHI,32.251,19.51,3.549,10.392,0.922,0.686,1.588,0.555,0.385,0.532,17.704,51,0.605,0.11,0.322
Noah Clowney,BRK,23.045,9.432,0.811,3.919,0.514,0.514,1.027,0.367,0.304,0.462,5.916,37,0.409,0.035,0.17
Norman Powell,LAC,33.25,23.929,2.238,3.595,1.31,0.19,2.048,0.501,0.444,0.737,16.564,42,0.72,0.067,0.108
OG Anunoby,NYK,36.28,16.367,2.02,4.714,1.408,0.878,1.306,0.47,0.344,0.584,12.816,49,0.451,0.056,0.13
Obi Toppin,IND,19.024,9.851,1.511,4.0,0.66,0.362,0.702,0.514,0.301,0.368,8.494,47,0.518,0.079,0.21
Ochai Agbaji,TOR,27.808,10.304,1.63,3.739,0.891,0.587,0.739,0.517,0.361,0.208,8.6,46,0.371,0.059,0.134
Olivier-Maxence Prosper,DAL,9.846,3.463,0.707,2.366,0.463,0.122,0.317,0.289,0.093,0.27,3.202,41,0.352,0.072,0.24
Onyeka Okongwu,ATL,25.108,12.156,2.022,7.978,0.822,0.822,1.0,0.557,0.2,0.499,12.296,45,0.484,0.081,0.318
Orlando Robinson,SAC,8.948,3.0,0.941,2.235,0.353,0.176,0.588,0.355,0.059,0.429,2.412,17,0.335,0.105,0.25
Oso Ighodaro,PHO,14.987,3.575,0.975,3.275,0.45,0.375,0.575,0.489,0.0,0.185,3.658,40,0.239,0.065,0.219
Ousmane Dieng,OKC,11.397,3.862,0.931,2.345,0.517,0.207,0.517,0.343,0.22,0.195,3.197,29,0.339,0.082,0.206
P.J. Washington,DAL,32.938,14.429,2.333,8.357,1.214,1.0,1.905,0.435,0.357,0.473,11.724,42,0.438,0.071,0.254
PJ Hall,DEN,2.889,0.917,0.167,1.083,0.0,0.083,0.083,0.167,0.0,0.125,0.783,12,0.317,0.058,0.375
Pacome Dadiet,NYK,6.391,1.462,0.385,1.0,0.077,0.154,0.077,0.212,0.154,0.077,1.092,13,0.229,0.06,0.156
Paolo Banchero,ORL,33.414,22.316,4.947,7.158,0.737,0.789,3.105,0.42,0.266,0.585,14.726,19,0.668,0.148,0.214
Pascal Siakam,IND,33.101,20.7,3.42,7.38,0.9,0.46,1.3,0.536,0.406,0.748,17.228,50,0.625,0.103,0.223
Pat Connaughton,MIL,15.254,4.3,1.667,2.733,0.133,0.3,0.567,0.433,0.326,0.208,3.777,30,0.282,0.109,0.179
Pat Spencer,GSW,7.719,3.15,1.55,1.5,0.45,0.1,0.6,0.278,0.033,0.225,2.885,20,0.408,0.201,0.194
Patrick Baldwin,WAS,4.502,2.077,0.077,0.923,0.154,0.154,0.154,0.397,0.231,0.077,1.654,13,0.461,0.017,0.205
Patrick Williams,CHI,26.695,9.405,2.167,4.167,0.786,0.619,1.357,0.374,0.346,0.472,6.821,42,0.352,0.081,0.156
Patty Mills,UTA,14.838,4.111,1.222,1.167,0.722,0.167,0.889,0.261,0.222,0.167,2.572,18,0.277,0.082,0.079
Paul George,PHI,31.972,16.781,4.469,5.344,1.719,0.375,2.625,0.422,0.359,0.577,12.341,32,0.525,0.14,0.167
Paul Reed,DET,9.807,4.31,1.0,2.517,1.069,0.552,0.483,0.444,0.184,0.293,4.821,29,0.44,0.102,0.257
Payton Pritchard,BOS,27.676,13.863,3.431,3.667,0.882,0.196,1.02,0.446,0.384,0.344,11.875,51,0.501,0.124,0.132
Pelle Larsson,MIA,12.801,3.848,0.939,1.485,0.455,0.121,0.364,0.359,0.206,0.273,2.939,33,0.301,0.073,0.116
Peyton Watson,DEN,24.153,8.083,1.5,3.438,0.854,1.229,0.896,0.456,0.28,0.493,7.269,48,0.335,0.062,0.142
Precious Achiuwa,NYK,20.469,6.533,1.033,5.833,1.033,0.767,0.833,0.575,0.189,0.305,7.29,30,0.319,0.05,0.285
Quentin Grimes,DAL,22.869,10.292,2.146,3.771,0.667,0.229,1.292,0.418,0.325,0.444,7.89,48,0.45,0.094,0.165
Quenton Jackson,IND,14.088,5.667,1.722,1.5,0.5,0.278,0.611,0.361,0.13,0.306,4.694,18,0.402,0.122,0.106
Quinten Post,GSW,14.134,7.077,1.769,3.385,0.154,0.231,0.538,0.377,0.265,0.385,5.608,13,0.501,0.125,0.239
RJ Barrett,TOR,33.282,21.585,5.683,6.634,0.805,0.317,3.024,0.476,0.372,0.545,15.334,41,0.649,0.171,0.199
Rayan Rupert,POR,7.885,2.486,0.457,1.143,0.229,0.057,0.457,0.271,0.152,0.136,1.72,35,0.315,0.058,0.145
Reece Beekman,GSW,10.84,2.25,1.55,0.75,0.65,0.1,0.5,0.28,0.104,0.15,2.19,20,0.208,0.143,0.069
Reed Sheppard,HOU,11.823,3.556,1.139,1.444,0.639,0.389,0.639,0.301,0.248,0.097,2.411,36,0.301,0.096,0.122
Reggie Jackson,PHI,12.387,4.387,1.452,1.355,0.516,0.097,0.548,0.346,0.263,0.129,3.152,31,0.354,0.117,0.109
Richaun Holmes,WAS,13.939,4.857,1.071,4.643,0.143,0.571,0.357,0.466,0.0,0.476,5.686,14,0.348,0.077,0.333
Ricky Council,PHI,12.5,5.455,0.727,2.045,0.318,0.227,0.364,0.34,0.205,0.395,4.218,22,0.436,0.058,0.164
Ricky Council IV,PHI,17.413,7.905,1.571,2.762,0.619,0.095,0.81,0.455,0.311,0.448,5.967,21,0.454,0.09,0.159
Rob Dillingham,MIN,11.633,5.667,2.333,1.111,0.333,0.0,1.333,0.387,0.287,0.056,3.83,27,0.487,0.201,0.096
Robert Williams,POR,17.676,5.667,1.111,6.0,0.611,1.722,0.944,0.516,0.056,0.333,7.494,18,0.321,0.063,0.339
Ron Holland,DET,15.487,6.327,0.827,2.712,0.596,0.135,0.865,0.435,0.187,0.422,4.183,52,0.409,0.053,0.175
Royce O'Neale,PHO,25.358,9.444,2.111,5.089,0.956,0.556,0.933,0.42,0.395,0.183,8.131,45,0.372,0.083,0.201
Rudy Gobert,MIN,33.274,10.712,1.827,10.385,0.712,1.558,1.346,0.658,0.0,0.595,12.696,52,0.322,0.055,0.312
Rui Hachimura,LAL,32.036,12.786,1.524,5.095,0.833,0.5,0.905,0.513,0.387,0.541,10.529,42,0.399,0.048,0.159
Russell Westbrook,DEN,27.657,12.979,6.396,5.083,1.5,0.5,3.042,0.483,0.29,0.49,11.642,48,0.469,0.231,0.184
Ryan Dunn,PHO,19.175,6.761,0.913,3.457,0.457,0.587,0.413,0.423,0.26,0.116,5.007,46,0.353,0.048,0.18
Ryan Rollins,MIL,12.249,4.971,1.206,1.559,0.706,0.353,0.882,0.383,0.243,0.27,3.774,34,0.406,0.098,0.127
Sam Hauser,BOS,19.885,7.488,1.0,2.93,0.674,0.186,0.372,0.419,0.384,0.047,6.128,43,0.377,0.05,0.147
Sam Merrill,CLE,18.892,7.14,1.581,1.907,0.581,0.186,0.465,0.364,0.321,0.244,5.291,43,0.378,0.084,0.101
Sandro Mamukelashvili,SAS,8.316,4.71,0.484,2.419,0.226,0.258,0.419,0.512,0.343,0.231,4.252,31,0.566,0.058,0.291
Santi Aldama,MEM,24.591,12.651,2.535,6.744,0.814,0.535,1.093,0.466,0.355,0.384,11.456,43,0.514,0.103,0.274
Scoot Henderson,POR,26.521,12.556,5.356,3.067,1.156,0.267,2.667,0.415,0.34,0.557,9.636,45,0.473,0.202,0.116
Scottie Barnes,TOR,34.452,19.974,6.385,7.744,1.487,1.077,3.051,0.448,0.28,0.71,16.449,39,0.58,0.185,0.225
Scotty Pippen ,MEM,22.508,10.848,5.061,3.485,1.061,0.364,2.091,0.45,0.33,0.436,9.264,33,0.482,0.225,0.155
Scotty Pippen Jr.,MEM,18.806,7.389,3.667,3.222,1.5,0.333,1.389,0.417,0.162,0.469,7.222,18,0.393,0.195,0.171
Seth Curry,CHO,13.77,5.595,0.643,1.452,0.429,0.119,0.429,0.357,0.307,0.198,4.105,42,0.406,0.047,0.105
Shaedon Sharpe,POR,30.448,17.386,2.386,3.818,0.818,0.227,1.886,0.439,0.316,0.661,11.064,44,0.571,0.078,0.125
Shai Gilgeous-Alexander,OKC,34.074,32.44,5.9,5.22,1.94,1.0,2.68,0.532,0.367,0.905,26.742,50,0.952,0.173,0.153
Shake Milton,BRK,16.266,6.179,2.103,1.846,0.462,0.077,0.744,0.335,0.227,0.288,5.054,39,0.38,0.129,0.113
Sidy Cissoko,SAS,3.201,1.294,0.353,0.588,0.059,0.0,0.118,0.245,0.118,0.029,0.941,17,0.404,0.11,0.184
Simone Fontecchio,DET,17.664,6.383,0.872,2.894,0.362,0.191,0.787,0.371,0.317,0.426,4.328,47,0.361,0.049,0.164
Spencer Dinwiddie,DAL,25.069,10.3,3.74,2.42,0.9,0.2,1.1,0.376,0.342,0.557,8.672,50,0.411,0.149,0.097
Stanley Umude,MIL,3.154,0.632,0.105,0.737,0.158,0.105,0.105,0.149,0.105,0.053,0.316,19,0.2,0.033,0.234
Stephen Curry,GSW,31.97,22.714,6.143,4.5,1.071,0.5,2.929,0.431,0.389,0.827,17.133,42,0.71,0.192,0.141
Stephon Castle,SAS,25.604,12.625,3.625,2.833,0.792,0.25,2.0,0.388,0.263,0.579,8.385,48,0.493,0.142,0.111
Steven Adams,HOU,12.605,3.771,1.114,5.171,0.286,0.486,0.943,0.51,0.0,0.221,4.797,35,0.299,0.088,0.41
Svi Mykhailiuk,UTA,19.302,9.95,1.85,2.45,0.7,0.25,1.55,0.368,0.323,0.346,6.3,20,0.515,0.096,0.127
T.J. McConnell,IND,18.621,9.837,4.51,2.633,1.224,0.286,1.571,0.506,0.102,0.267,9.11,49,0.528,0.242,0.141
Taj Gibson,CHO,10.933,2.476,0.524,3.429,0.333,0.476,0.619,0.348,0.024,0.175,2.557,21,0.226,0.048,0.314
Talen Horton-Tucker,CHI,11.529,5.85,1.325,1.7,0.375,0.225,0.65,0.33,0.252,0.315,4.4,40,0.507,0.115,0.147
Tari Eason,HOU,23.712,11.206,1.118,6.265,1.941,0.941,0.941,0.467,0.308,0.498,10.585,34,0.473,0.047,0.264
Taurean Prince,MIL,25.605,7.588,2.0,3.608,0.784,0.137,0.941,0.442,0.452,0.196,6.249,51,0.296,0.078,0.141
Terance Mann,LAC,19.79,6.027,1.595,2.892,0.757,0.297,0.676,0.415,0.324,0.214,5.065,37,0.305,0.081,0.146
Terrence Shannon,MIN,4.549,1.5,0.5,0.2,0.2,0.1,0.3,0.417,0.1,0.0,1.21,10,0.33,0.11,0.044
Terry Rozier,MIA,28.576,12.435,2.913,4.152,0.565,0.304,1.435,0.402,0.279,0.601,8.72,46,0.435,0.102,0.145
Thomas Bryant,MIA,14.1,6.294,0.882,3.765,0.471,0.647,0.382,0.476,0.32,0.419,6.429,34,0.446,0.063,0.267
Tidjane Salaün ,CHO,19.297,4.963,1.111,4.185,0.593,0.222,0.852,0.348,0.295,0.254,3.707,27,0.257,0.058,0.217
Tim Hardaway,DET,27.189,10.0,1.552,2.0,0.345,0.0,0.655,0.419,0.35,0.534,6.662,29,0.368,0.057,0.074
Tim Hardaway Jr.,DET,30.814,12.158,1.632,2.684,0.579,0.158,0.737,0.384,0.377,0.524,8.289,19,0.395,0.053,0.087
Tobias Harris,DET,32.001,13.16,2.36,6.02,0.86,0.84,1.12,0.444,0.272,0.633,10.662,50,0.411,0.074,0.188
Tosan Evbuomwan,BRK,24.625,10.0,1.667,4.111,0.667,0.389,1.667,0.448,0.296,0.565,6.956,18,0.406,0.068,0.167
Toumani Camara,POR,32.222,10.18,2.02,5.92,1.4,0.6,1.5,0.438,0.328,0.378,8.85,50,0.316,0.063,0.184
Trae Young,ATL,36.067,23.25,11.375,3.188,1.271,0.208,4.667,0.4,0.328,0.797,18.454,48,0.645,0.315,0.088
Trayce Jackson-Davis,GSW,19.184,7.83,2.064,6.064,0.468,0.723,0.83,0.572,0.0,0.427,8.511,47,0.408,0.108,0.316
Tre Jones,SAS,16.077,4.393,3.714,2.071,0.643,0.179,0.75,0.501,0.19,0.32,5.579,28,0.273,0.231,0.129
Tre Mann,CHO,24.537,14.077,3.0,2.923,0.538,0.308,1.923,0.419,0.346,0.615,8.938,13,0.574,0.122,0.119
Trendon Watford,BRK,16.644,8.176,1.353,3.059,0.471,0.294,1.294,0.417,0.221,0.515,5.076,17,0.491,0.081,0.184
Trevelin Queen,ORL,15.228,4.739,1.391,1.739,1.043,0.348,0.87,0.278,0.244,0.185,3.643,23,0.311,0.091,0.114
Trey Alexander,DEN,4.334,0.875,0.375,0.25,0.062,0.062,0.062,0.161,0.062,0.062,0.4,16,0.202,0.087,0.058
Trey Jemison,NOP,9.883,2.143,0.524,2.905,0.381,0.476,0.619,0.393,0.0,0.179,1.986,21,0.217,0.053,0.294
Trey Lyles,SAC,19.603,6.463,0.951,4.634,0.634,0.463,0.561,0.4,0.294,0.317,5.771,41,0.33,0.049,0.236
Trey Murphy,NOP,33.911,20.211,2.421,4.526,1.053,0.684,1.737,0.452,0.37,0.862,14.3,19,0.596,0.071,0.133
Trey Murphy III,NOP,37.049,25.625,4.188,5.625,1.375,0.875,1.438,0.502,0.401,0.852,21.544,16,0.692,0.113,0.152
Tristan Da Silva,ORL,25.553,8.531,1.714,3.959,0.49,0.245,0.918,0.39,0.306,0.386,6.502,49,0.334,0.067,0.155
Tristan Thompson,CLE,8.038,1.654,0.692,2.962,0.038,0.269,0.385,0.307,0.0,0.087,1.623,26,0.206,0.086,0.368
Tristan Vukcevic,WAS,6.991,3.909,0.818,1.636,0.091,0.091,0.455,0.352,0.12,0.273,2.645,11,0.559,0.117,0.234
Ty Jerome,CLE,19.016,11.286,3.388,2.469,1.163,0.02,1.224,0.514,0.345,0.549,9.998,49,0.593,0.178,0.13
Tyler Herro,MIA,35.592,23.735,5.551,5.571,0.735,0.122,2.653,0.469,0.386,0.772,17.712,49,0.667,0.156,0.157
Tyler Kolek,NYK,5.213,1.893,0.786,0.536,0.25,0.036,0.321,0.289,0.226,0.071,1.496,28,0.363,0.151,0.103
Tyler Smith,MIL,4.783,2.75,0.25,1.188,0.125,0.188,0.375,0.463,0.206,0.062,1.925,16,0.575,0.052,0.248
Tyrese Haliburton,IND,34.04,17.776,8.531,3.592,1.327,0.673,1.776,0.422,0.332,0.636,17.265,49,0.522,0.251,0.106
Tyrese Martin,BRK,21.202,8.0,1.735,3.941,0.382,0.147,1.294,0.361,0.293,0.226,5.474,34,0.377,0.082,0.186
Tyrese Maxey,PHI,38.031,27.841,6.205,3.432,1.932,0.386,2.477,0.441,0.34,0.879,20.468,44,0.732,0.163,0.09
Tyus Jones,PHO,29.508,11.04,5.82,2.42,0.88,0.12,1.32,0.445,0.39,0.297,10.69,50,0.374,0.197,0.082
Vasilije Micić,CHO,21.23,7.472,3.528,2.417,0.417,0.0,2.056,0.334,0.307,0.365,4.431,36,0.352,0.166,0.114
Victor Wembanyama,SAS,33.068,24.419,3.628,10.907,1.07,3.884,3.302,0.466,0.34,0.737,20.672,43,0.738,0.11,0.33
Vit Krejci,ATL,20.571,6.703,2.541,2.649,0.703,0.459,0.946,0.385,0.291,0.27,5.781,37,0.326,0.124,0.129
Walker Kessler,UTA,30.218,11.175,1.55,11.9,0.575,2.375,1.5,0.734,0.025,0.396,14.14,40,0.37,0.051,0.394
Wendell Carter,ORL,24.685,7.333,2.19,7.143,0.667,0.619,0.762,0.46,0.23,0.488,7.862,21,0.297,0.089,0.289
Wendell Carter Jr.,ORL,26.696,10.579,2.474,7.316,1.053,0.368,1.211,0.441,0.214,0.619,9.532,19,0.396,0.093,0.274
Wendell Moore,DET,14.047,4.462,1.385,3.231,0.615,0.231,0.615,0.443,0.192,0.462,4.908,13,0.318,0.099,0.23
Xavier Tillman,BOS,7.927,1.15,0.3,1.7,0.25,0.15,0.3,0.146,0.083,0.025,0.76,20,0.145,0.038,0.214
Yuki Kawamura,MEM,3.272,1.263,0.737,0.368,0.053,0.0,0.211,0.156,0.088,0.105,0.9,19,0.386,0.225,0.113
Yves Missi,NOP,27.221,8.75,1.417,8.021,0.562,1.438,1.188,0.54,0.0,0.473,9.715,48,0.321,0.052,0.295
Zaccharie Risacher,ATL,23.784,11.2,1.178,3.467,0.778,0.467,1.111,0.409,0.256,0.473,7.227,45,0.471,0.05,0.146
Zach Collins,SAS,11.767,4.639,1.444,2.806,0.389,0.417,0.639,0.452,0.269,0.229,4.244,36,0.394,0.123,0.238
Zach Edey,MEM,20.868,9.865,1.0,7.784,0.649,1.189,1.514,0.607,0.217,0.496,9.665,37,0.473,0.048,0.373
Zach LaVine,CHI,34.079,23.682,4.386,4.705,0.909,0.25,2.773,0.491,0.416,0.724,17.225,44,0.695,0.129,0.138
Zeke Nnaji,DEN,6.56,1.871,0.129,1.032,0.097,0.355,0.194,0.364,0.024,0.048,1.239,31,0.285,0.02,0.157
Ziaire Williams,BRK,23.595,9.395,1.421,4.789,1.0,0.421,1.053,0.365,0.283,0.567,7.142,38,0.398,0.06,0.203
Zion Williamson,NOP,28.375,23.267,4.933,7.867,1.2,1.133,3.133,0.508,0.067,0.621,18.4,15,0.82,0.174,0.277
